{"status":"done","publicPath":"http://localhost:3011/bundle/","error":"ModuleNotFoundError","message":"Module not found: Error: Can't resolve './screens/account-settings/account-settings' in '/Users/apurvakhatri/Documents/YellowAnt/surveymonkeyapp/web/static/src/app'","chunks":{"main":[{"name":"main.js","publicPath":"http://localhost:3011/bundle/main.js","path":"/Users/apurvakhatri/Documents/YellowAnt/surveymonkeyapp/web/static/dist/main.js"},{"name":"0.a2ba4fffa3688bcc6205.hot-update.js","publicPath":"http://localhost:3011/bundle/0.a2ba4fffa3688bcc6205.hot-update.js","path":"/Users/apurvakhatri/Documents/YellowAnt/surveymonkeyapp/web/static/dist/0.a2ba4fffa3688bcc6205.hot-update.js"},{"name":"main.map","publicPath":"http://localhost:3011/bundle/main.map","path":"/Users/apurvakhatri/Documents/YellowAnt/surveymonkeyapp/web/static/dist/main.map"},{"name":"main.map","publicPath":"http://localhost:3011/bundle/main.map","path":"/Users/apurvakhatri/Documents/YellowAnt/surveymonkeyapp/web/static/dist/main.map"}]}}